#Sample_ID,forwardBarcodeSequence,reverseBarcodeSequence,LibraryNumber,Direction,LibraryName,ProjectName,Region,Location,Description,sample_organism,country,location,Breeding,Warm/Cold blood,Wgt Grp
X1,TATATTGA,TATATTGA,1,p,"NG-9778_ANJJ1_lib163912_5161_2_1.fastq, NG-9778_ANJJ1_lib163912_5161_2_2.fastq",NG-9778_ANJJ1,V4,Faith - Devon,X1,Horse,United Kingdom,Faith - Devon,Mini Shetland,Coldblood,Small
X2,TCCGACCT,TCCGACCT,1,p,"NG-9778_ANJJ1_lib163912_5161_2_1.fastq, NG-9778_ANJJ1_lib163912_5161_2_2.fastq",NG-9778_ANJJ1,V4,"Axnoller, Pad Field",X2,Horse,United Kingdom,"Axnoller, Pad Field",Shetland ,Coldblood,Small
X3,TCCAGCTC,TCCAGCTC,1,p,"NG-9778_ANJJ1_lib163912_5161_2_1.fastq, NG-9778_ANJJ1_lib163912_5161_2_2.fastq",NG-9778_ANJJ1,V4,"Axnoller, Pad Field",X3,Horse,United Kingdom,"Axnoller, Pad Field",Shetland ,Coldblood,Small
X4,GCTTGATG,GCTTGATG,1,p,"NG-9778_ANJJ1_lib163912_5161_2_1.fastq, NG-9778_ANJJ1_lib163912_5161_2_2.fastq",NG-9778_ANJJ1,V4,Nikki - Devon,X4,Horse,United Kingdom,Nikki - Devon,Thoroughbred,Warmblood,Large
X5,TATATTGA,TATATTGA,2,p,"NG-9778_YINJJ2_lib163913_5161_2_1.fastq, NG-9778_YINJJ2_lib163913_5161_2_2.fastq",NG-9778_YINJJ2,V4,Nikki - Devon,X5,Horse,United Kingdom,Nikki - Devon,Thoroughbred,Warmblood,Large
X6,TCCGACCT,TCCGACCT,2,p,"NG-9778_YINJJ2_lib163913_5161_2_1.fastq, NG-9778_YINJJ2_lib163913_5161_2_2.fastq",NG-9778_YINJJ2,V4,Kirsteen - Devon,X6,Horse,United Kingdom,Kirsteen - Devon,Hanoverian Warmblood,Warmblood,Large
X7,TCCAGCTC,TCCAGCTC,2,p,"NG-9778_YINJJ2_lib163913_5161_2_1.fastq, NG-9778_YINJJ2_lib163913_5161_2_2.fastq",NG-9778_YINJJ2,V4,UU - Dongen,X7,Horse,Netherlands,UU - Dongen,Section A Welsh Pony,Warmblood,Small
X8,GCTTGATG,GCTTGATG,2,p,"NG-9778_YINJJ2_lib163913_5161_2_1.fastq, NG-9778_YINJJ2_lib163913_5161_2_2.fastq",NG-9778_YINJJ2,V4,UU - Dongen,X8,Horse,Netherlands,UU - Dongen,Section A Welsh Pony,Warmblood,Small
X9,CTGGATAA,CTGGATAA,3,p,"NG-9778_Joan3_lib163914_5161_2_1.fastq, NG-9778_Joan3_lib163914_5161_2_2.fastq",NG-9778_Joan3,V4,UU - Dongen,X9,Horse,Netherlands,UU - Dongen,Section A Welsh Pony,Warmblood,Small
X10,ATAAGGTC,ATAAGGTC,3,p,"NG-9778_Joan3_lib163914_5161_2_1.fastq, NG-9778_Joan3_lib163914_5161_2_2.fastq",NG-9778_Joan3,V4,Dongen - 1,X10,Horse,Netherlands,Dongen - 1,Belgian Draft Horse,Coldblood,Large
X11,AATAAGGA,AATAAGGA,3,p,"NG-9778_Joan3_lib163914_5161_2_1.fastq, NG-9778_Joan3_lib163914_5161_2_2.fastq",NG-9778_Joan3,V4,Dongen - 2,X11,Horse,Netherlands,Dongen - 2,Belgian Draft Horse,Coldblood,Large
X12,TACTTATC,TACTTATC,3,p,"NG-9778_Joan3_lib163914_5161_2_1.fastq, NG-9778_Joan3_lib163914_5161_2_2.fastq",NG-9778_Joan3,V4,Veghel - 1,X12,Horse,Netherlands,Veghel - 1,icelandic,Coldblood,Medium
X13,ATCTCAGT,ATCTCAGT,3,p,"NG-9778_Joan3_lib163914_5161_2_1.fastq, NG-9778_Joan3_lib163914_5161_2_2.fastq",NG-9778_Joan3,V4,Veghel - 1,X13,Horse,Netherlands,Veghel - 1,icelandic,Coldblood,Medium
X14,GTCAACGT,GTCAACGT,3,p,"NG-9778_Joan3_lib163914_5161_2_1.fastq, NG-9778_Joan3_lib163914_5161_2_2.fastq",NG-9778_Joan3,V4,Veghel - 2,X14,Horse,Netherlands,Veghel - 2,icelandic,Coldblood,Medium
X15,ATGTTCCA,ATGTTCCA,3,p,"NG-9778_Joan3_lib163914_5161_2_1.fastq, NG-9778_Joan3_lib163914_5161_2_2.fastq",NG-9778_Joan3,V4,Babylonienbroek,X15,Horse,Netherlands, Babylonienbroek,Section B Welsh Pony,Warmblood,Medium
X16,CGTCTGAG,CGTCTGAG,3,p,"NG-9778_Joan3_lib163914_5161_2_1.fastq, NG-9778_Joan3_lib163914_5161_2_2.fastq",NG-9778_Joan3,V4,Babylonienbroek,X16,Horse,Netherlands,Babylonienbroek,Section B Welsh Pony,Warmblood,Medium
X17,CCAAGTCA,CCAAGTCA,3,p,"NG-9778_Joan3_lib163914_5161_2_1.fastq, NG-9778_Joan3_lib163914_5161_2_2.fastq",NG-9778_Joan3,V4,Uitwijk,X17,Horse,Netherlands,Uitwijk,NRPS,Warmblood,Medium 
X18,GGAGTATG,GGAGTATG,3,p,"NG-9778_Joan3_lib163914_5161_2_1.fastq, NG-9778_Joan3_lib163914_5161_2_2.fastq",NG-9778_Joan3,V4,Velddriel,X18,Horse,Netherlands,Velddriel,Belgian Draft Horse,Coldblood,Large
X19,TGGTTGAC,TGGTTGAC,3,p,"NG-9778_Joan3_lib163914_5161_2_1.fastq, NG-9778_Joan3_lib163914_5161_2_2.fastq",NG-9778_Joan3,V4,Bruchen,X19,Horse,Netherlands,Bruchen,Arab/Newforst/Welsh,Warmblood,Medium
X20,GTAAGAAG,GTAAGAAG,1,p,"NG-9778_ANJJ1_lib163912_5161_2_1.fastq, NG-9778_ANJJ1_lib163912_5161_2_2.fastq",NG-9778_ANJJ1,V4,"SHF, New barn",X20,Donkey,United Kingdom,"SHF, New barn",,,Large
X21,GAACGCTG,GAACGCTG,1,p,"NG-9778_ANJJ1_lib163912_5161_2_1.fastq, NG-9778_ANJJ1_lib163912_5161_2_2.fastq",NG-9778_ANJJ1,V4,"SHF, New barn",X21,Donkey,United Kingdom,"SHF, New barn",,,Medium
X22,CTGACCGG,CTGACCGG,1,p,"NG-9778_ANJJ1_lib163912_5161_2_1.fastq, NG-9778_ANJJ1_lib163912_5161_2_2.fastq",NG-9778_ANJJ1,V4,"SHF, New barn",X22,Donkey,United Kingdom,"SHF, New barn",,,Small
X23,CATCAGTT,CATCAGTT,1,p,"NG-9778_ANJJ1_lib163912_5161_2_1.fastq, NG-9778_ANJJ1_lib163912_5161_2_2.fastq",NG-9778_ANJJ1,V4,"SHF, New barn",X23,Donkey,United Kingdom,"SHF, New barn",,,Large
X24,GTAAGAAG,GTAAGAAG,2,p,"NG-9778_YINJJ2_lib163913_5161_2_1.fastq, NG-9778_YINJJ2_lib163913_5161_2_2.fastq",NG-9778_YINJJ2,V4,"SHF, New barn",X24,Donkey,United Kingdom,"SHF, New barn",,,Medium
X25,GAACGCTG,GAACGCTG,2,p,"NG-9778_YINJJ2_lib163913_5161_2_1.fastq, NG-9778_YINJJ2_lib163913_5161_2_2.fastq",NG-9778_YINJJ2,V4,"SHF, New barn",X25,Donkey,United Kingdom,"SHF, New barn",,,Large
X26,CTGACCGG,CTGACCGG,2,p,"NG-9778_YINJJ2_lib163913_5161_2_1.fastq, NG-9778_YINJJ2_lib163913_5161_2_2.fastq",NG-9778_YINJJ2,V4,"SHF, New barn",X26,Donkey,United Kingdom,"SHF, New barn",,,Medium
X27,CATCAGTT,CATCAGTT,2,p,"NG-9778_YINJJ2_lib163913_5161_2_1.fastq, NG-9778_YINJJ2_lib163913_5161_2_2.fastq",NG-9778_YINJJ2,V4,"SHF, Garmston Back Barn",X27,Donkey,United Kingdom,"SHF, Garmston Back Barn",,,Small
X28,GCCTCATC,GCCTCATC,3,p,"NG-9778_Joan3_lib163914_5161_2_1.fastq, NG-9778_Joan3_lib163914_5161_2_2.fastq",NG-9778_Joan3,V4,"SHF, Garmston Back Barn",X28,Donkey,United Kingdom,"SHF, Garmston Back Barn",,,Small
X29,TTCTGAAC,TTCTGAAC,3,p,"NG-9778_Joan3_lib163914_5161_2_1.fastq, NG-9778_Joan3_lib163914_5161_2_2.fastq",NG-9778_Joan3,V4,"Brookfield, New Barn Bottom (Super grannies)",X29,Donkey,United Kingdom,"Brookfield, New Barn Bottom (Super grannies)",,,Medium
X30,GAGTTCAT,GAGTTCAT,3,p,"NG-9778_Joan3_lib163914_5161_2_1.fastq, NG-9778_Joan3_lib163914_5161_2_2.fastq",NG-9778_Joan3,V4,"Brookfield, New Barn Bottom (Super grannies)",X30,Donkey,United Kingdom,"Brookfield, New Barn Bottom (Super grannies)",,,Large
X31,CTTCATGG,CTTCATGG,3,p,"NG-9778_Joan3_lib163914_5161_2_1.fastq, NG-9778_Joan3_lib163914_5161_2_2.fastq",NG-9778_Joan3,V4,"Brookfield, New Barn Bottom (Super grannies)",X31,Donkey,United Kingdom,"Brookfield, New Barn Bottom (Super grannies)",,,Large
X32,AGAGATAA,AGAGATAA,3,p,"NG-9778_Joan3_lib163914_5161_2_1.fastq, NG-9778_Joan3_lib163914_5161_2_2.fastq",NG-9778_Joan3,V4,"Brookfield, New Barn Bottom (Super grannies)",X32,Donkey,United Kingdom,"Brookfield, New Barn Bottom (Super grannies)",,,Medium
X33,GGTCAGAT,GGTCAGAT,3,p,"NG-9778_Joan3_lib163914_5161_2_1.fastq, NG-9778_Joan3_lib163914_5161_2_2.fastq",NG-9778_Joan3,V4,"Brookfield, New Barn Bottom (Super grannies)",X33,Donkey,United Kingdom,"Brookfield, New Barn Bottom (Super grannies)",,,Large
X34,CCGTCTGC,CCGTCTGC,3,p,"NG-9778_Joan3_lib163914_5161_2_1.fastq, NG-9778_Joan3_lib163914_5161_2_2.fastq",NG-9778_Joan3,V4,"SHF, Flag Pole Field 2",X34,Donkey,United Kingdom,"SHF, Flag Pole Field 2",,,Small
X35,GGAGCGCA,GGAGCGCA,3,p,"NG-9778_Joan3_lib163914_5161_2_1.fastq, NG-9778_Joan3_lib163914_5161_2_2.fastq",NG-9778_Joan3,V4,"SHF, New barn",X35,Donkey,United Kingdom,"SHF, New barn",,,Small
X36,CGACCGCG,CGACCGCG,3,p,"NG-9778_Joan3_lib163914_5161_2_1.fastq, NG-9778_Joan3_lib163914_5161_2_2.fastq",NG-9778_Joan3,V4,"SHF, New barn",X36,Donkey,United Kingdom,"SHF, New barn",,,Medium
X37,CGTCCTCC,CGTCCTCC,3,p,"NG-9778_Joan3_lib163914_5161_2_1.fastq, NG-9778_Joan3_lib163914_5161_2_2.fastq",NG-9778_Joan3,V4,"SHF, New barn",X37,Donkey,United Kingdom,"SHF, New barn",,,Small
X38,ACCGGAAT,ACCGGAAT,1,p,"NG-9778_ANJJ1_lib163912_5161_2_1.fastq, NG-9778_ANJJ1_lib163912_5161_2_2.fastq",NG-9778_ANJJ1,V4,Faith - Devon,X38,Donkey Hybrid,United Kingdom,Faith - Devon,Mini Shetland x Mini Meditteranean Donkey,,Small
X39,TACCTACT,TACCTACT,1,p,"NG-9778_ANJJ1_lib163912_5161_2_1.fastq, NG-9778_ANJJ1_lib163912_5161_2_2.fastq",NG-9778_ANJJ1,V4,Faith - Devon,X39,Donkey Hybrid,United Kingdom,Faith - Devon,,,Large
X40,TGCCTCTC,TGCCTCTC,1,p,"NG-9778_ANJJ1_lib163912_5161_2_1.fastq, NG-9778_ANJJ1_lib163912_5161_2_2.fastq",NG-9778_ANJJ1,V4,"Axnoller, Pad Field",X40,Donkey Hybrid,United Kingdom,"Axnoller, Pad Field",,,Medium
X41,ACCGGAAT,ACCGGAAT,2,p,"NG-9778_YINJJ2_lib163913_5161_2_1.fastq, NG-9778_YINJJ2_lib163913_5161_2_2.fastq",NG-9778_YINJJ2,V4,"Axnoller, Pad Field",X41,Donkey Hybrid,United Kingdom,"Axnoller, Pad Field",,,Medium
X42,TACCTACT,TACCTACT,2,p,"NG-9778_YINJJ2_lib163913_5161_2_1.fastq, NG-9778_YINJJ2_lib163913_5161_2_2.fastq",NG-9778_YINJJ2,V4,"Axnoller, Pad Field",X42,Donkey Hybrid,United Kingdom,"Axnoller, Pad Field",,,Medium
X43,TGCCTCTC,TGCCTCTC,2,p,"NG-9778_YINJJ2_lib163913_5161_2_1.fastq, NG-9778_YINJJ2_lib163913_5161_2_2.fastq",NG-9778_YINJJ2,V4,"Axnoller, Pad Field",X43,Donkey Hybrid,United Kingdom,"Axnoller, Pad Field",,,Medium
X44,CGCGCCAG,CGCGCCAG,3,p,"NG-9778_Joan3_lib163914_5161_2_1.fastq, NG-9778_Joan3_lib163914_5161_2_2.fastq",NG-9778_Joan3,V4,"Axnoller, Pad Field",X44,Donkey Hybrid,United Kingdom,"Axnoller, Pad Field",,,Medium
X45,TAATACGT,TAATACGT,3,p,"NG-9778_Joan3_lib163914_5161_2_1.fastq, NG-9778_Joan3_lib163914_5161_2_2.fastq",NG-9778_Joan3,V4,"Town Barton, Top Barn",X45,Donkey Hybrid,United Kingdom,"Town Barton, Top Barn",,,Large
X46,GGCCAGTA,GGCCAGTA,3,p,"NG-9778_Joan3_lib163914_5161_2_1.fastq, NG-9778_Joan3_lib163914_5161_2_2.fastq",NG-9778_Joan3,V4,"Town Barton, Top Barn",X46,Donkey Hybrid,United Kingdom,"Town Barton, Top Barn",,,Medium
X47,CTGAGTTC,CTGAGTTC,3,p,"NG-9778_Joan3_lib163914_5161_2_1.fastq, NG-9778_Joan3_lib163914_5161_2_2.fastq",NG-9778_Joan3,V4,"Town Barton, Top Barn",X47,Donkey Hybrid,United Kingdom,"Town Barton, Top Barn",,,Small
X48,TCTCTACC,TCTCTACC,3,p,"NG-9778_Joan3_lib163914_5161_2_1.fastq, NG-9778_Joan3_lib163914_5161_2_2.fastq",NG-9778_Joan3,V4,"Town Barton, Top Barn",X48,Donkey Hybrid,United Kingdom,"Town Barton, Top Barn",,,Large
X49,CCGAGGCG,CCGAGGCG,3,p,"NG-9778_Joan3_lib163914_5161_2_1.fastq, NG-9778_Joan3_lib163914_5161_2_2.fastq",NG-9778_Joan3,V4,"Town Barton, Shower Barn",X49,Donkey Hybrid,United Kingdom,"Town Barton, Shower Barn",,,Small
X50,GAAGCTCG,GAAGCTCG,3,p,"NG-9778_Joan3_lib163914_5161_2_1.fastq, NG-9778_Joan3_lib163914_5161_2_2.fastq",NG-9778_Joan3,V4,"Town Barton, Top Barn",X50,Donkey Hybrid,United Kingdom,"Town Barton, Top Barn",,,Large
X51,AAGGTAAG,AAGGTAAG,3,p,"NG-9778_Joan3_lib163914_5161_2_1.fastq, NG-9778_Joan3_lib163914_5161_2_2.fastq",NG-9778_Joan3,V4,"Town Barton, Top Barn",X51,Donkey Hybrid,United Kingdom,"Town Barton, Top Barn",,,Small
X52,ATGCGATT,ATGCGATT,3,p,"NG-9778_Joan3_lib163914_5161_2_1.fastq, NG-9778_Joan3_lib163914_5161_2_2.fastq",NG-9778_Joan3,V4,"Town Barton, Top Barn",X52,Donkey Hybrid,United Kingdom,"Town Barton, Top Barn",,,Large
X53,AAGATCGT,AAGATCGT,3,p,"NG-9778_Joan3_lib163914_5161_2_1.fastq, NG-9778_Joan3_lib163914_5161_2_2.fastq",NG-9778_Joan3,V4,"Town Barton, Shower Barn",X53,Donkey Hybrid,United Kingdom,"Town Barton, Shower Barn",,,Small
X54,ATATAGGA,ATATAGGA,3,p,"NG-9778_Joan3_lib163914_5161_2_1.fastq, NG-9778_Joan3_lib163914_5161_2_2.fastq",NG-9778_Joan3,V4,"Axnoller, Lean to",X54,Donkey Hybrid,United Kingdom,"Axnoller, Lean to",,,Small
X55,TATATTGA,TATATTGA,3,p,"NG-9778_Joan3_lib163914_5161_2_1.fastq, NG-9778_Joan3_lib163914_5161_2_2.fastq",NG-9778_Joan3,V4,"Axnoller, Lean to",X55,Donkey Hybrid,United Kingdom,"Axnoller, Lean to",,,Large
X56,ACGAGCGA,ACGAGCGA,1,p,"NG-9778_ANJJ1_lib163912_5161_2_1.fastq, NG-9778_ANJJ1_lib163912_5161_2_2.fastq",NG-9778_ANJJ1,V4,Paignton,X56,Zebra,United Kingdom,Paignton,Hartmann's Mountain Zebra,,N/A
X57,CGTACTGA,CGTACTGA,1,p,"NG-9778_ANJJ1_lib163912_5161_2_1.fastq, NG-9778_ANJJ1_lib163912_5161_2_2.fastq",NG-9778_ANJJ1,V4,Paignton,X57,Zebra,United Kingdom,Paignton,Hartmann's Mountain Zebra,,N/A
X58,ACGTCGTC,ACGTCGTC,1,p,"NG-9778_ANJJ1_lib163912_5161_2_1.fastq, NG-9778_ANJJ1_lib163912_5161_2_2.fastq",NG-9778_ANJJ1,V4,Paignton,X58,Zebra,United Kingdom,Paignton,Hartmann's Mountain Zebra,,N/A
X59,ACGAGCGA,ACGAGCGA,2,p,"NG-9778_YINJJ2_lib163913_5161_2_1.fastq, NG-9778_YINJJ2_lib163913_5161_2_2.fastq",NG-9778_YINJJ2,V4,Rhenen,X59,Zebra,Netherlands,Rhenen,Burchell's Zebra,,N/A
X60,CGTACTGA,CGTACTGA,2,p,"NG-9778_YINJJ2_lib163913_5161_2_1.fastq, NG-9778_YINJJ2_lib163913_5161_2_2.fastq",NG-9778_YINJJ2,V4,Rhenen,X60,Zebra,Netherlands,Rhenen,Burchell's Zebra,,N/A
X61,ACGTCGTC,ACGTCGTC,2,p,"NG-9778_YINJJ2_lib163913_5161_2_1.fastq, NG-9778_YINJJ2_lib163913_5161_2_2.fastq",NG-9778_YINJJ2,V4,Arnhem - harem 1,X61,Zebra,Netherlands,Arnhem - harem 1,Grant's Zebra,,N/A
X62,TCCGACCT,TCCGACCT,3,p,"NG-9778_Joan3_lib163914_5161_2_1.fastq, NG-9778_Joan3_lib163914_5161_2_2.fastq",NG-9778_Joan3,V4,Arnhem - harem 1,X62,Zebra,Netherlands,Arnhem - harem 1,Grant's Zebra,,N/A
X63,TCCAGCTC,TCCAGCTC,3,p,"NG-9778_Joan3_lib163914_5161_2_1.fastq, NG-9778_Joan3_lib163914_5161_2_2.fastq",NG-9778_Joan3,V4,Arnhem - harem 2,X63,Zebra,Netherlands,Arnhem - harem 2,Grant's Zebra,,N/A
X64,GCTTGATG,GCTTGATG,3,p,"NG-9778_Joan3_lib163914_5161_2_1.fastq, NG-9778_Joan3_lib163914_5161_2_2.fastq",NG-9778_Joan3,V4,Arnhem - harem 1,X64,Zebra,Netherlands,Arnhem - harem 1,Grant's Zebra,,N/A
X65,GTAAGAAG,GTAAGAAG,3,p,"NG-9778_Joan3_lib163914_5161_2_1.fastq, NG-9778_Joan3_lib163914_5161_2_2.fastq",NG-9778_Joan3,V4,Arnhem - harem 1,X65,Zebra,Netherlands,Arnhem - harem 1,Grant's Zebra,,N/A
X66,GAACGCTG,GAACGCTG,3,p,"NG-9778_Joan3_lib163914_5161_2_1.fastq, NG-9778_Joan3_lib163914_5161_2_2.fastq",NG-9778_Joan3,V4,Arnhem - harem 2,X66,Zebra,Netherlands,Arnhem - harem 2,Grant's Zebra,,N/A
X67,CTGACCGG,CTGACCGG,3,p,"NG-9778_Joan3_lib163914_5161_2_1.fastq, NG-9778_Joan3_lib163914_5161_2_2.fastq",NG-9778_Joan3,V4,Arnhem - harem 2,X67,Zebra,Netherlands,Arnhem - harem 2,Grant's Zebra,,N/A
X68,CATCAGTT,CATCAGTT,3,p,"NG-9778_Joan3_lib163914_5161_2_1.fastq, NG-9778_Joan3_lib163914_5161_2_2.fastq",NG-9778_Joan3,V4,Arnhem - harem 1,X68,Zebra,Netherlands,Arnhem - harem 1,Grant's Zebra,,N/A
X69,ACCGGAAT,ACCGGAAT,3,p,"NG-9778_Joan3_lib163914_5161_2_1.fastq, NG-9778_Joan3_lib163914_5161_2_2.fastq",NG-9778_Joan3,V4,Arnhem - harem 2,X69,Zebra,Netherlands,Arnhem - harem 2,Grant's Zebra,,N/A
X70,TACCTACT,TACCTACT,3,p,"NG-9778_Joan3_lib163914_5161_2_1.fastq, NG-9778_Joan3_lib163914_5161_2_2.fastq",NG-9778_Joan3,V4,Arnhem - harem 3,X70,Zebra,Netherlands,Arnhem - harem 3,Grant's Zebra,,N/A
X71,TGCCTCTC,TGCCTCTC,3,p,"NG-9778_Joan3_lib163914_5161_2_1.fastq, NG-9778_Joan3_lib163914_5161_2_2.fastq",NG-9778_Joan3,V4,Arnhem - harem 3,X71,Zebra,Netherlands,Arnhem - harem 3,Grant's Zebra,,N/A
X72,ACGAGCGA,ACGAGCGA,3,p,"NG-9778_Joan3_lib163914_5161_2_1.fastq, NG-9778_Joan3_lib163914_5161_2_2.fastq",NG-9778_Joan3,V4,Amsterdam,X72,Zebra,Netherlands,Amsterdam,Grevy Zebra,,N/A
X73,CGTACTGA,CGTACTGA,3,p,"NG-9778_Joan3_lib163914_5161_2_1.fastq, NG-9778_Joan3_lib163914_5161_2_2.fastq",NG-9778_Joan3,V4,Amsterdam,X73,Zebra,Netherlands,Amsterdam,Grevy Zebra,,N/A
X74,ACGTCGTC,ACGTCGTC,3,p,"NG-9778_Joan3_lib163914_5161_2_1.fastq, NG-9778_Joan3_lib163914_5161_2_2.fastq",NG-9778_Joan3,V4,Amsterdam,X74,Zebra,Netherlands,Amsterdam,Grevy Zebra,,N/A
