#SampleID,BarcodeSequence,LibraryNumber ,Direction,LibraryName,ProjectName,Equine_Type,Description
1AF,CTGGATAA,1,p,"NG-14131_2017_0040_lib220354_5646_2_1.fastq,NG-14131_2017_0040_lib220354_5646_2_2.fastq",EAF002_150_06minPerT,Horse,1AF
4AF,ATAAGGTC,1,p,"NG-14131_2017_0040_lib220354_5646_2_1.fastq,NG-14131_2017_0040_lib220354_5646_2_2.fastq",EAF002_150_06minPerT,Horse,4AF
6AF,AATAAGGA,1,p,"NG-14131_2017_0040_lib220354_5646_2_1.fastq,NG-14131_2017_0040_lib220354_5646_2_2.fastq",EAF002_150_06minPerT,Horse,6AF
9AF,TACTTATC,1,p,"NG-14131_2017_0040_lib220354_5646_2_1.fastq,NG-14131_2017_0040_lib220354_5646_2_2.fastq",EAF002_150_06minPerT,Horse,9AF
11AF,ATCTCAGT,1,p,"NG-14131_2017_0040_lib220354_5646_2_1.fastq,NG-14131_2017_0040_lib220354_5646_2_2.fastq",EAF002_150_06minPerT,Horse,11AF
13AF,GTCAACGT,1,p,"NG-14131_2017_0040_lib220354_5646_2_1.fastq,NG-14131_2017_0040_lib220354_5646_2_2.fastq",EAF002_150_06minPerT,Horse,13AF
17AF,ATGTTCCA,1,p,"NG-14131_2017_0040_lib220354_5646_2_1.fastq,NG-14131_2017_0040_lib220354_5646_2_2.fastq",EAF002_150_06minPerT,Horse,17AF
19AF,CGTCTGAG,1,p,"NG-14131_2017_0040_lib220354_5646_2_1.fastq,NG-14131_2017_0040_lib220354_5646_2_2.fastq",EAF002_150_06minPerT,Horse,19AF
20AF,CCAAGTCA,1,p,"NG-14131_2017_0040_lib220354_5646_2_1.fastq,NG-14131_2017_0040_lib220354_5646_2_2.fastq",EAF002_150_06minPerT,Donkey,20AF
22AF,GGAGTATG,1,p,"NG-14131_2017_0040_lib220354_5646_2_1.fastq,NG-14131_2017_0040_lib220354_5646_2_2.fastq",EAF002_150_06minPerT,Donkey,22AF
24AF,TGGTTGAC,1,p,"NG-14131_2017_0040_lib220354_5646_2_1.fastq,NG-14131_2017_0040_lib220354_5646_2_2.fastq",EAF002_150_06minPerT,Donkey,24AF
26AF,GCCTCATC,1,p,"NG-14131_2017_0040_lib220354_5646_2_1.fastq,NG-14131_2017_0040_lib220354_5646_2_2.fastq",EAF002_150_06minPerT,Donkey,26AF
28AF,TTCTGAAC,1,p,"NG-14131_2017_0040_lib220354_5646_2_1.fastq,NG-14131_2017_0040_lib220354_5646_2_2.fastq",EAF002_150_06minPerT,Donkey,28AF
30AF,GAGTTCAT,1,p,"NG-14131_2017_0040_lib220354_5646_2_1.fastq,NG-14131_2017_0040_lib220354_5646_2_2.fastq",EAF002_150_06minPerT,Donkey,30AF
32AF,CTTCATGG,1,p,"NG-14131_2017_0040_lib220354_5646_2_1.fastq,NG-14131_2017_0040_lib220354_5646_2_2.fastq",EAF002_150_06minPerT,Donkey,32AF
34AF,AGAGATAA,1,p,"NG-14131_2017_0040_lib220354_5646_2_1.fastq,NG-14131_2017_0040_lib220354_5646_2_2.fastq",EAF002_150_06minPerT,Donkey,34AF
36AF,GGTCAGAT,1,p,"NG-14131_2017_0040_lib220354_5646_2_1.fastq,NG-14131_2017_0040_lib220354_5646_2_2.fastq",EAF002_150_06minPerT,Donkey,36AF
38AF,CGACCGCG,1,p,"NG-14131_2017_0040_lib220354_5646_2_1.fastq,NG-14131_2017_0040_lib220354_5646_2_2.fastq",EAF002_150_06minPerT,Hybrid,38AF
40AF,CGTCCTCC,1,p,"NG-14131_2017_0040_lib220354_5646_2_1.fastq,NG-14131_2017_0040_lib220354_5646_2_2.fastq",EAF002_150_06minPerT,Hybrid,40AF
42AF,CGCGCCAG,1,p,"NG-14131_2017_0040_lib220354_5646_2_1.fastq,NG-14131_2017_0040_lib220354_5646_2_2.fastq",EAF002_150_06minPerT,Hybrid,42AF
44AF,TAATACGT,1,p,"NG-14131_2017_0040_lib220354_5646_2_1.fastq,NG-14131_2017_0040_lib220354_5646_2_2.fastq",EAF002_150_06minPerT,Hybrid,44AF
46AF,GGCCAGTA,1,p,"NG-14131_2017_0040_lib220354_5646_2_1.fastq,NG-14131_2017_0040_lib220354_5646_2_2.fastq",EAF002_150_06minPerT,Hybrid,46AF
48AF,CTGAGTTC,1,p,"NG-14131_2017_0040_lib220354_5646_2_1.fastq,NG-14131_2017_0040_lib220354_5646_2_2.fastq",EAF002_150_06minPerT,Hybrid,48AF
50AF,TCTCTACC,1,p,"NG-14131_2017_0040_lib220354_5646_2_1.fastq,NG-14131_2017_0040_lib220354_5646_2_2.fastq",EAF002_150_06minPerT,Hybrid,50AF
52AF,CCGAGGCG,1,p,"NG-14131_2017_0040_lib220354_5646_2_1.fastq,NG-14131_2017_0040_lib220354_5646_2_2.fastq",EAF002_150_06minPerT,Hybrid,52AF
54AF,GAAGCTCG,1,p,"NG-14131_2017_0040_lib220354_5646_2_1.fastq,NG-14131_2017_0040_lib220354_5646_2_2.fastq",EAF002_150_06minPerT,Hybrid,54AF
57AF,AAGGTAAG,1,p,"NG-14131_2017_0040_lib220354_5646_2_1.fastq,NG-14131_2017_0040_lib220354_5646_2_2.fastq",EAF002_150_06minPerT,Zebra,57AF
59AF,ATGCGATT,1,p,"NG-14131_2017_0040_lib220354_5646_2_1.fastq,NG-14131_2017_0040_lib220354_5646_2_2.fastq",EAF002_150_06minPerT,Zebra,59AF
61AF,AAGATCGT,1,p,"NG-14131_2017_0040_lib220354_5646_2_1.fastq,NG-14131_2017_0040_lib220354_5646_2_2.fastq",EAF002_150_06minPerT,Zebra,61AF
64AF,ATATAGGA,1,p,"NG-14131_2017_0040_lib220354_5646_2_1.fastq,NG-14131_2017_0040_lib220354_5646_2_2.fastq",EAF002_150_06minPerT,Zebra,64AF
67AF,TATATTGA,1,p,"NG-14131_2017_0040_lib220354_5646_2_1.fastq,NG-14131_2017_0040_lib220354_5646_2_2.fastq",EAF002_150_06minPerT,Zebra,67AF
70AF,TCCAGCTC,1,p,"NG-14131_2017_0040_lib220354_5646_2_1.fastq,NG-14131_2017_0040_lib220354_5646_2_2.fastq",EAF002_150_06minPerT,Zebra,70AF
ntcAF,GCTTGATG,1,p,"NG-14131_2017_0040_lib220354_5646_2_1.fastq,NG-14131_2017_0040_lib220354_5646_2_2.fastq",EAF002_150_06minPerT,Neg,ntcAF
2AF,CTGGATAA,2,p,"NG-14131_2017_0041_lib220355_5646_2_1.fastq, NG-14131_2017_0041_lib220355_5646_2_2.fastq",EAF002_150_06minPerT,Horse,2AF
5AF,ATAAGGTC,2,p,"NG-14131_2017_0041_lib220355_5646_2_1.fastq, NG-14131_2017_0041_lib220355_5646_2_2.fastq",EAF002_150_06minPerT,Horse,5AF
7AF,AATAAGGA,2,p,"NG-14131_2017_0041_lib220355_5646_2_1.fastq, NG-14131_2017_0041_lib220355_5646_2_2.fastq",EAF002_150_06minPerT,Horse,7AF
10AF,TACTTATC,2,p,"NG-14131_2017_0041_lib220355_5646_2_1.fastq, NG-14131_2017_0041_lib220355_5646_2_2.fastq",EAF002_150_06minPerT,Horse,10AF
12AF,ATCTCAGT,2,p,"NG-14131_2017_0041_lib220355_5646_2_1.fastq, NG-14131_2017_0041_lib220355_5646_2_2.fastq",EAF002_150_06minPerT,Horse,12AF
14AF,GTCAACGT,2,p,"NG-14131_2017_0041_lib220355_5646_2_1.fastq, NG-14131_2017_0041_lib220355_5646_2_2.fastq",EAF002_150_06minPerT,Horse,14AF
18AF,ATGTTCCA,2,p,"NG-14131_2017_0041_lib220355_5646_2_1.fastq, NG-14131_2017_0041_lib220355_5646_2_2.fastq",EAF002_150_06minPerT,Horse,18AF
21AF,CGTCTGAG,2,p,"NG-14131_2017_0041_lib220355_5646_2_1.fastq, NG-14131_2017_0041_lib220355_5646_2_2.fastq",EAF002_150_06minPerT,Donkey,21AF
23AF,CCAAGTCA,2,p,"NG-14131_2017_0041_lib220355_5646_2_1.fastq, NG-14131_2017_0041_lib220355_5646_2_2.fastq",EAF002_150_06minPerT,Donkey,23AF
25AF,GGAGTATG,2,p,"NG-14131_2017_0041_lib220355_5646_2_1.fastq, NG-14131_2017_0041_lib220355_5646_2_2.fastq",EAF002_150_06minPerT,Donkey,25AF
27AF,TGGTTGAC,2,p,"NG-14131_2017_0041_lib220355_5646_2_1.fastq, NG-14131_2017_0041_lib220355_5646_2_2.fastq",EAF002_150_06minPerT,Donkey,27AF
29AF,GCCTCATC,2,p,"NG-14131_2017_0041_lib220355_5646_2_1.fastq, NG-14131_2017_0041_lib220355_5646_2_2.fastq",EAF002_150_06minPerT,Donkey,29AF
31AF,TTCTGAAC,2,p,"NG-14131_2017_0041_lib220355_5646_2_1.fastq, NG-14131_2017_0041_lib220355_5646_2_2.fastq",EAF002_150_06minPerT,Donkey,31AF
33AF,GAGTTCAT,2,p,"NG-14131_2017_0041_lib220355_5646_2_1.fastq, NG-14131_2017_0041_lib220355_5646_2_2.fastq",EAF002_150_06minPerT,Donkey,33AF
35AF,CTTCATGG,2,p,"NG-14131_2017_0041_lib220355_5646_2_1.fastq, NG-14131_2017_0041_lib220355_5646_2_2.fastq",EAF002_150_06minPerT,Donkey,35AF
37AF,AGAGATAA,2,p,"NG-14131_2017_0041_lib220355_5646_2_1.fastq, NG-14131_2017_0041_lib220355_5646_2_2.fastq",EAF002_150_06minPerT,Donkey,37AF
39AF,GGTCAGAT,2,p,"NG-14131_2017_0041_lib220355_5646_2_1.fastq, NG-14131_2017_0041_lib220355_5646_2_2.fastq",EAF002_150_06minPerT,Hybrid,39AF
41AF,CGACCGCG,2,p,"NG-14131_2017_0041_lib220355_5646_2_1.fastq, NG-14131_2017_0041_lib220355_5646_2_2.fastq",EAF002_150_06minPerT,Hybrid,41AF
43AF,CGTCCTCC,2,p,"NG-14131_2017_0041_lib220355_5646_2_1.fastq, NG-14131_2017_0041_lib220355_5646_2_2.fastq",EAF002_150_06minPerT,Hybrid,43AF
45AF,CGCGCCAG,2,p,"NG-14131_2017_0041_lib220355_5646_2_1.fastq, NG-14131_2017_0041_lib220355_5646_2_2.fastq",EAF002_150_06minPerT,Hybrid,45AF
47AF,TAATACGT,2,p,"NG-14131_2017_0041_lib220355_5646_2_1.fastq, NG-14131_2017_0041_lib220355_5646_2_2.fastq",EAF002_150_06minPerT,Hybrid,47AF
49AF,GGCCAGTA,2,p,"NG-14131_2017_0041_lib220355_5646_2_1.fastq, NG-14131_2017_0041_lib220355_5646_2_2.fastq",EAF002_150_06minPerT,Hybrid,49AF
51AF,CTGAGTTC,2,p,"NG-14131_2017_0041_lib220355_5646_2_1.fastq, NG-14131_2017_0041_lib220355_5646_2_2.fastq",EAF002_150_06minPerT,Hybrid,51AF
53AF,TCTCTACC,2,p,"NG-14131_2017_0041_lib220355_5646_2_1.fastq, NG-14131_2017_0041_lib220355_5646_2_2.fastq",EAF002_150_06minPerT,Hybrid,53AF
55AF,CCGAGGCG,2,p,"NG-14131_2017_0041_lib220355_5646_2_1.fastq, NG-14131_2017_0041_lib220355_5646_2_2.fastq",EAF002_150_06minPerT,Hybrid,55AF
58AF,GAAGCTCG,2,p,"NG-14131_2017_0041_lib220355_5646_2_1.fastq, NG-14131_2017_0041_lib220355_5646_2_2.fastq",EAF002_150_06minPerT,Zebra,58AF
60AF,AAGGTAAG,2,p,"NG-14131_2017_0041_lib220355_5646_2_1.fastq, NG-14131_2017_0041_lib220355_5646_2_2.fastq",EAF002_150_06minPerT,Zebra,60AF
62AF,ATGCGATT,2,p,"NG-14131_2017_0041_lib220355_5646_2_1.fastq, NG-14131_2017_0041_lib220355_5646_2_2.fastq",EAF002_150_06minPerT,Zebra,62AF
66AF,AAGATCGT,2,p,"NG-14131_2017_0041_lib220355_5646_2_1.fastq, NG-14131_2017_0041_lib220355_5646_2_2.fastq",EAF002_150_06minPerT,Zebra,66AF
69AF,ATATAGGA,2,p,"NG-14131_2017_0041_lib220355_5646_2_1.fastq, NG-14131_2017_0041_lib220355_5646_2_2.fastq",EAF002_150_06minPerT,Zebra,69AF
71AF,TATATTGA,2,p,"NG-14131_2017_0041_lib220355_5646_2_1.fastq, NG-14131_2017_0041_lib220355_5646_2_2.fastq",EAF002_150_06minPerT,Zebra,71AF
73AF,TCCAGCTC,2,p,"NG-14131_2017_0041_lib220355_5646_2_1.fastq, NG-14131_2017_0041_lib220355_5646_2_2.fastq",EAF002_150_06minPerT,Zebra,73AF
